{
    "version" : 2,
    "lang" : "lt_LT",
    "sections" : [
        {
            "charRules": [
                {
                    "CharRule": {
                        "id": [
                            "»",
                            "›"
                        ],
                        "actions": [
                            "INS_SPACE",
                            "INS_FOCUS"
                        ]
                    }
                },
                {
                    "CharRule": {
                        "id": [
                            "«",
                            "‹",
                            "“",
                            "‘"
                        ],
                        "actions": [
                            "BACKSPACE",
                            "INS_FOCUS",
                            "INS_SPACE"
                        ]
                    }
                }
            ]
        }
    ],
    "dependency" : "default"
}
