{"comment":"","charmap":{"a":[["à",1.0,0],["å",1.0,0],["'a",1.0,0],["ä",1.0,0],["â",1.0,0]],"A":[["'A",1.0,0]],"C":[["'C",1.0,0]],"e":[["'e",1.0,0],["é",1.0,0],["è",1.0,0],["ê",1.0,0]],"d":[["'d",1.0,0]],"i":[["I",0.1,0],["I'",0.5,0],["ï",1.0,0],["'i",1.0,0]],"s":[["'s",1.0,0]],"m":[["'m",1.0,0]],"c":[["'c",1.0,0],["ç",1.0,0]],"O":[["'O",1.0,0]],"l":[["'l",1.0,0]],"p":[["'p",1.0,0]],"S":[["'S",1.0,0]],"n":[["ñ",1.0,0],["'n",1.0,0]],"u":[["'u",1.0,0],["û",1.0,0]],"o":[["'o",1.0,0],["ö",1.0,0],["ó",1.0,0]],"v":[["'v",1.0,0]],"y":[["'y",1.0,0]],"r":[["'r",1.0,0]],"N":[["'N",1.0,0]],"t":[["'t",1.0,0]]},"name":"English (Australia)","variant":["en","AU"],"version":[0,3],"local_name":"English (Australia)"}