{"comment":"","charmap":{"a":[["'a",1.0,0],["â",1.0,0],["à",1.0,0],["á",1.0,0],["ä",1.0]],"c":[["ç",1.0,0]],"e":[["ë",1.0],["è",1.0,0],["é",1.0,0],["'e",1.0,0],["ê",1.0,0]],"i":[["î",1.0,0],["ï",1.0],["í",1.0,0]],"o":[["'o",1.0,0],["ö",1.0],["ó",1.0,0]],"n":[["'n",1.0,0],["ñ",1.0,0]],"s":[["'s",1.0,0]],"t":[["'t",1.0,0]],"u":[["û",1.0,0],["ü",1.0],["ú",1.0,0]],"A":[["'A",1.0,0],["Ä",1.0]],"E":[["Ë",1.0],["'E",1.0,0]],"I":[["Ï",1.0]],"O":[["'O",1.0,0],["Ö",1.0]],"N":[["'N",1.0,0]],"S":[["'S",1.0,0]],"T":[["'T",1.0,0]],"U":[["Ü",1.0]]},"name":"Dutch (Netherlands)","variant":["nl","NL"],"version":[0,3],"local_name":"Nederlands (Nederland)"}
