{
    "lang" : "he_IL",
    "sections" : [
        {
            "charRules": [
                {
                    "CharRule": {
                        "id": [
                            "\u05C3",
                            ":"
                        ],
                        "actions": [
                            "INS_PREDICTION",                            
                            "DEL_SPACE_BEFORE",
                            "INS_SPACE_AFTER"
                        ],
                        "contextRules": [
                            {
                                "CatRule": {
                                    "id": [
                                      "P*"
                                    ],
                                    "actions": [
                                        "DEL_SPACE_BEFORE",
                                        "INS_SPACE_AFTER"
                                    ]
                                }
                            },
                            {
                                "ContextRule": {
                                    "id": [
                                        " $"
                                    ],
                                    "actions": [
                                        "DEL_SPACE_BEFORE",
                                        "INS_SPACE_AFTER"
                                    ]
                                }
                            }
                        ]
                    }
                },
                {
                    "CharRule": {
                        "id": [
                            "\u05F3"
                        ],
                        "actions": [],
                        "contextRules": [
                            {
                                "PairRule": {
                                    "id": [
                                        "\u05F3"
                                    ],
                                    "state": "CLOSE",
                                    "actions": [
                                        "DEL_SPACE_BEFORE",
                                        "INS_SPACE_AFTER"
                                    ]
                                }
                            }
                        ]
                    }
                },
                {
                    "CharRule": {
                        "id": [
                            "\u05F4"
                        ],
                        "actions": [],
                        "contextRules": [
                            {
                                "PairRule": {
                                    "id": [
                                        "\u05F4"
                                    ],
                                    "state": "CLOSE",
                                    "actions": [
                                        "DEL_SPACE_BEFORE",
                                        "INS_SPACE_AFTER"
                                    ]
                                }
                            }
                        ]
                    }
                }
            ]
        }
    ],
    "dependency" : "default"
}
